<?xml version="1.0" encoding="UTF-8"?>
<!DOCTYPE mapper PUBLIC "-//mybatis.org//DTD Mapper 3.0//EN"
"http://mybatis.org/dtd/mybatis-3-mapper.dtd">

<mapper namespace="com.study.rabbitmq.mapper.UserMapper">

	<resultMap id="ResultListUser" type="com.study.rabbitmq.model.User">
		<id column="id" property="id" jdbcType="INTEGER" />
		<result column="userName" property="userName" jdbcType="VARCHAR" />
		<result column="userAge" property="userAge" jdbcType="VARCHAR" />
		<result column="userAddress" property="userAddress" jdbcType="VARCHAR" />
	</resultMap>

	<select id="selectUserByID" parameterType="String" resultMap="ResultListUser">
		select * from mq_user where id = #{id}
	</select>

</mapper>
