<?xml version="1.0" encoding="UTF-8"?>
<beans xmlns="http://www.springframework.org/schema/beans"
	xmlns:xsi="http://www.w3.org/2001/XMLSchema-instance" xmlns:c="http://www.springframework.org/schema/c"
	xmlns:context="http://www.springframework.org/schema/context" xmlns:tx="http://www.springframework.org/schema/tx"
	xmlns:aop="http://www.springframework.org/schema/aop" xmlns:cache="http://www.springframework.org/schema/cache"
	xsi:schemaLocation="  
        http://www.springframework.org/schema/beans http://www.springframework.org/schema/beans/spring-beans.xsd  
        http://www.springframework.org/schema/context http://www.springframework.org/schema/context/spring-context.xsd  
        http://www.springframework.org/schema/aop http://www.springframework.org/schema/aop/spring-aop.xsd  
        http://www.springframework.org/schema/mvc http://www.springframework.org/schema/mvc/spring-mvc.xsd  
        http://www.springframework.org/schema/jee http://www.springframework.org/schema/jee/spring-jee.xsd  
        http://www.springframework.org/schema/tx http://www.springframework.org/schema/tx/spring-tx.xsd">

	<context:component-scan base-package="com.study.*" />

	<bean id="poolConfig" class="redis.clients.jedis.JedisPoolConfig">
		<property name="maxTotal" value="200" />
		<property name="maxIdle" value="10" />
		<property name="maxWaitMillis" value="1000" />
		<property name="testOnBorrow" value="true" />
	</bean>
	
	<bean id="jedisPool" class="redis.clients.jedis.JedisPool"
		destroy-method="destroy" depends-on="poolConfig">
		<constructor-arg name="poolConfig" ref="poolConfig" />
		<constructor-arg name="host" value="localhost" />
		<constructor-arg name="port" value="6379" />
	</bean>
</beans>  