<?xml version="1.0" encoding="UTF-8"?>
<beans xmlns="http://www.springframework.org/schema/beans"
       xmlns:xsi="http://www.w3.org/2001/XMLSchema-instance"
       xmlns:tx="http://www.springframework.org/schema/tx"
       xmlns:context="http://www.springframework.org/schema/context" 
       xsi:schemaLocation="http://www.springframework.org/schema/beans
       http://www.springframework.org/schema/beans/spring-beans-4.1.xsd
       http://www.springframework.org/schema/tx
       http://www.springframework.org/schema/tx/spring-tx-4.1.xsd
       http://www.springframework.org/schema/context 
	   http://www.springframework.org/schema/context/spring-context-4.1.xsd">

	<context:component-scan base-package="com.study" />

	<bean id="abstractDataSource" abstract="true" class="com.alibaba.druid.pool.DruidDataSource" init-method="init" destroy-method="close">
		<property name="driverClassName" value="com.mysql.jdbc.Driver" />
		<!-- 配置初始化大小、最小、最大 -->
		<property name="initialSize" value="1" />
		<property name="minIdle" value="10" />
		<property name="maxActive" value="10" />
		<!-- 配置获取连接等待超时的时间 -->
		<property name="maxWait" value="60000" />
	</bean>
	
	<!-- 写库 -->
	<bean id="dataSourceWrite" parent="abstractDataSource">
		<!-- 基本属性 url、user、password -->
		<property name="url" value="jdbc:mysql://allen.aliyun.com:3306/mybatis?serverTimezone=UTC&amp;characterEncoding=utf-8&amp;autoReconnect=true&amp;allowMultiQueries=true" />
		<property name="username" value="root" />
		<property name="password" value="root@123456" />
	</bean>
	
	<!-- 读库 -->
	<bean id="dataSourceRead" parent="abstractDataSource">
		<!-- 基本属性 url、user、password -->
		<property name="url" value="jdbc:mysql://allen.aliyun.com:3307/mybatis?serverTimezone=UTC&amp;characterEncoding=utf-8&amp;autoReconnect=true&amp;allowMultiQueries=true" />
		<property name="username" value="root" />
		<property name="password" value="root@123456" />
	</bean>

	<!-- 动态数据源 -->
	<bean id="dataSource" class="com.study.rwdb.DynamicDataSource">
		<property name="writeDataSource" ref="dataSourceWrite"></property>
		<property name="readDataSource" ref="dataSourceRead"></property>
	</bean>

	<tx:annotation-driven transaction-manager="transactionManager" />

	<!-- 动态事务管理 -->
	<bean id="transactionManager" class="com.study.rwdb.DynamicDataSourceTransactionManager">
		<property name="dataSource" ref="dataSource" />
	</bean>

	<!-- 配置sqlSessionFactory -->
	<bean id="sqlSessionFactory" class="org.mybatis.spring.SqlSessionFactoryBean">
		<!-- 实例化sqlSessionFactory时需要使用上述配置好的数据源以及SQL映射文件 -->
		<property name="dataSource" ref="dataSource" />
		<!--configLocation属性指定mybatis的核心配置文件 -->
		<property name="configLocation" value="classpath:mybatis-config.xml" />
		<!-- 所有配置的mapper文件 -->
		<property name="mapperLocations" value="classpath:com/study/mapper/*.xml" />
		<!-- 所有的实体 -->
		<property name="typeAliasesPackage" value="com.study.entity" />
		<property name="plugins">
			<array>
				<bean class="com.study.rwdb.DynamicPlugin" />
			</array>
		</property>
	</bean>

	<!-- 配置扫描器 -->
	<bean class="org.mybatis.spring.mapper.MapperScannerConfigurer">
		<!-- 扫描包以及它的子包下的所有映射接口类 -->
		<property name="basePackage" value="com.study.mapper" />
		<property name="sqlSessionFactoryBeanName" value="sqlSessionFactory" />
	</bean>
</beans>