<?xml version="1.0" encoding="UTF-8"?>
<beans xmlns="http://www.springframework.org/schema/beans"
	xmlns:context="http://www.springframework.org/schema/context"
	xmlns:xsi="http://www.w3.org/2001/XMLSchema-instance"
	xmlns:mvc="http://www.springframework.org/schema/mvc"
	xsi:schemaLocation="http://www.springframework.org/schema/beans 
		http://www.springframework.org/schema/beans/spring-beans-4.0.xsd
		http://www.springframework.org/schema/context 
		http://www.springframework.org/schema/context/spring-context-4.0.xsd
		http://www.springframework.org/schema/mvc 
		http://www.springframework.org/schema/mvc/spring-mvc-4.0.xsd">
	
	<!-- 配置静态资源由web服务器的默认servlet处理 -->
	<mvc:default-servlet-handler />
	
	<!-- 启动注解支持 -->
	<mvc:annotation-driven/> 
	<!--
	  <mvc:annotation-driven>  
	       <mvc:message-converters register-defaults="true">  -->
	           <!-- 避免IE执行AJAX时,返回JSON出现下载文件 -->  
	          <!-- <bean id="fastJsonHttpMessageConverter" class="com.alibaba.fastjson.support.spring.FastJsonHttpMessageConverter">  
	               <property name="supportedMediaTypes">  
	                   <list>  
	                       <value>application/json;charset=UTF-8</value>  
	                   </list>  
	               </property>  
	           </bean>  
	       </mvc:message-converters>  
	   </mvc:annotation-driven>  		
	<mvc:default-servlet-handler/>
	-->
	
	<!-- 配置扫描注解组件的基础包 -->
	<context:component-scan base-package="com.**"/>
	
	
	<!-- 配置视图解析器 -->
	<bean id="viewResolver" class="org.springframework.web.servlet.view.InternalResourceViewResolver">
		<property name="prefix" value="/WEB-INF/jsp/"/>
		<property name="suffix" value=".jsp"/>
		<property name="viewClass" value="org.springframework.web.servlet.view.JstlView"/>
	</bean>
	
	<!-- 国际化配置 -->   
	<bean id="messageSource" class="org.springframework.context.support.ResourceBundleMessageSource">
  		<property name="basename" value="messages"/>
  		<!-- <property name="basenames">
  			<array>
  				<value></value>
  			</array>
  		</property> -->
	</bean>
	 
	<!-- 异常映射配置 -->
	<bean id="exceptionResolver" class="org.springframework.web.servlet.handler.SimpleMappingExceptionResolver">
		<property name="defaultErrorView" value="/error/error"/>
		<property name="defaultStatusCode" value="500"/>
		<property name="exceptionMappings">
			<props>
				<prop key="java.sql.SQLException">/error/500</prop>
			</props>
		</property>
		<property name="warnLogCategory" value="org.springframework.web.servlet.handler.SimpleMappingExceptionResolver"/>
	</bean>
		
</beans>	
		